date,maxTemp,minTemp,avgTemp,tempDept,relHum,dewPoint,wetBulbTemp,heatDays,coolDays,sunrise,sunset,weatherType,precip,snow,snowDepth,stnPressure,seaPressure,windSpeed,windPeakSpeed,windPeakDir,windSusSpeed,windSusDir
1-Jan,29,24,26,1.5,76,20,24,39,0,809,1715,"SN,BR",0.04,0.7,1,29.14,30.11,15.5,31,250,24,260
2-Jan,35,28,32,7.7,71,22,28,33,0,809,1716,,0,0,1,29.02,29.97,14.6,30,230,23,230
3-Jan,33,25,29,4.8,66,20,27,36,0,809,1717,SN,T,T,1,29.03,30.04,10,30,290,23,290
4-Jan,27,7,17,-7.1,78,13,18,48,0,809,1718,"SN,BR",T,0.2,1,29.4,30.45,7.7,21,40,17,30
5-Jan,29,8,18,-5.9,69,10,17,47,0,809,1719,,0,0,1,29.58,30.56,7.6,21,210,16,200
6-Jan,36,20,28,4.2,63,16,23,37,0,809,1720,,0,0,1,29.38,,7.6,20,200,15,210
7-Jan,42,28,35,11.3,59,21,29,30,0,809,1721,,0,0,1,29.22,30.17,4.8,13,140,12,150
8-Jan,39,30,34,10.4,80,30,34,31,0,809,1722,"RA,BR",0.15,0,T,28.97,29.9,6.7,15,160,12,160
9-Jan,42,38,40,16.5,96,40,41,25,0,809,1723,"RA,FG,BR",0.53,0,T,28.84,29.77,7.3,17,220,13,220
10-Jan,38,16,27,3.5,78,18,23,38,0,808,1724,"RA,SN,BR,UP,BLSN",0.18,1,T,28.71,29.71,17.8,42,300,31,320
11-Jan,16,10,13,-10.4,75,6,11,52,0,808,1725,"SN,BR,BLSN",0.08,1.7,2,29,29.98,12.2,28,270,24,270
12-Jan,23,13,18,-5.3,75,11,16,47,0,808,1726,"SN,FZFG,BR,UP,HZ,BLSN,FG",0.08,1.6,4,28.79,29.76,18.2,36,270,28,270
13-Jan,18,12,15,-8.3,76,8,12,50,0,807,1727,"SN,BR,HZ",0.03,0.5,4,29.05,30,13.2,25,230,22,230
14-Jan,34,18,26,2.8,81,21,24,39,0,807,1729,"SN,BR,HZ",T,T,5,28.8,29.76,5.6,22,230,17,230
15-Jan,42,22,32,8.8,85,33,35,33,0,806,1730,"RA,FZFG,BR,FG",0.05,0,3,28.55,29.47,10.2,25,270,21,270
16-Jan,33,26,30,6.8,71,20,26,35,0,806,1731,SN,T,T,T,28.74,29.74,13.8,29,290,21,300
17-Jan,26,9,18,-5.1,70,5,11,47,0,805,1732,SN,T,T,T,28.94,29.94,15.5,31,280,24,270
18-Jan,15,7,11,-12.1,73,4,10,54,0,805,1733,"SN,BR,UP",0.01,0.2,T,29.13,30.15,13.1,31,290,25,290
19-Jan,21,5,13,-10.1,71,6,12,52,0,804,1735,"SN,HZ",T,T,T,29.4,30.42,7.6,19,270,14,270
20-Jan,22,12,17,-6.1,76,9,14,48,0,804,1736,"SN,BR,HZ",T,T,T,29.32,30.3,4.4,11,240,8,280
21-Jan,26,12,19,-4.1,81,17,20,46,0,803,1737,"SN,BR,HZ",0.01,0.1,T,29.35,30.35,5.5,17,260,13,250
22-Jan,29,18,24,0.9,76,17,22,41,0,802,1738,"BR,HZ",T,T,T,29.31,30.29,6.2,17,40,15,50
23-Jan,26,17,22,-1.1,78,16,21,43,0,801,1740,"SN,BR",T,0.1,T,29.21,30.18,6.3,20,30,15,40
24-Jan,32,15,24,0.9,74,19,24,41,0,801,1741,HZ,0,0,T,29.05,30.02,8.3,26,220,21,220
25-Jan,40,26,33,9.8,75,26,31,32,0,800,1742,"RA,BR,UP,HZ",0.02,0,T,28.96,29.89,10.8,24,180,18,190
26-Jan,43,29,36,12.8,82,30,33,29,0,759,1743,"RA,SN,BR,UP,HZ",0.1,1.4,0,28.87,29.86,18.2,36,250,30,240
27-Jan,29,24,26,2.7,76,21,25,39,0,758,1745,"SN,BR",0.01,0.2,2,29.15,30.1,13.3,30,190,24,180
28-Jan,34,26,30,6.7,77,24,28,35,0,757,1746,"SN,BR,UP,HZ",0.04,0.1,1,28.71,29.65,14.1,32,200,23,220
29-Jan,29,20,24,0.6,62,13,21,41,0,756,1747,SN,T,T,1,28.92,29.9,10.7,31,310,22,310
30-Jan,47,29,38,14.5,69,28,34,27,0,755,1749,,0,0,1,28.76,29.7,10.8,28,200,22,200
31-Jan,49,38,44,20.5,87,40,42,21,0,754,1750,"RA,BR",0.12,0,0,28.67,29.61,10,26,280,21,260
1-Feb,44,25,34,10.4,75,30,,31,0,753,1751,"BR,UP,HZ",T,0,0,29,,6.2,24,270,17,290
2-Feb,39,23,31,7.3,80,26,,34,0,752,1753,"RA,PL,FZFG,BR,UP,FG",0.43,T,0,29.11,,8.5,34,90,25,100
3-Feb,44,31,38,14.2,85,34,,27,0,751,1754,"RA,SN,FG,BR",0.07,0.1,0,28.65,,13.5,39,210,32,220
4-Feb,32,20,26,2.1,80,24,,39,0,750,1755,"FZRA,SN,BR,UP",0.12,2.2,1,29.15,,7.9,20,260,17,270
5-Feb,35,18,26,1.9,72,22,,39,0,749,1757,"SN,BR",0.01,0.2,2,29.34,,7.3,16,280,13,270
6-Feb,37,20,28,3.8,66,20,,37,0,748,1758,"BR,HZ",0,0,1,29.28,,9.4,25,240,21,210
7-Feb,47,32,40,15.7,63,28,,25,0,746,1759,,0,0,0,28.94,,11.4,30,210,23,200
8-Feb,40,29,34,9.5,76,28,,31,0,745,1801,SN,T,T,0,28.69,,6.8,17,290,14,300
9-Feb,33,22,28,3.4,80,24,,37,0,744,1802,"SN,BR",0.07,0.8,1,28.69,,12.9,27,300,20,290
10-Feb,22,11,16,-8.8,65,9,,49,0,743,1803,"SN,HZ",0.01,0.2,1,28.9,,13.8,28,290,24,300
11-Feb,23,10,16,-9,62,5,,49,0,741,1805,,0,T,1,29.21,,8.9,24,300,18,310
12-Feb,22,6,14,-11.1,70,9,,51,0,740,1806,"SN,UP",0.02,0.4,1,29.13,,14.5,33,310,25,310
13-Feb,15,2,8,-17.3,65,-2,,57,0,739,1807,,T,T,2,29.44,,9.5,29,300,22,300
14-Feb,18,0,9,-16.5,70,1,,56,0,737,1809,SN,T,T,2,29.41,,8.1,24,130,18,140
15-Feb,26,15,20,-5.7,83,16,,45,0,736,1810,"SN,BR",0.02,0.2,2,29.02,,6.9,19,130,15,130
16-Feb,29,25,27,1.1,84,23,,38,0,734,1811,"SN,BR,HZ",0.06,1.2,2,28.87,,3.8,13,290,12,290
17-Feb,30,11,20,-6.2,69,18,,45,0,733,1812,"SN,BR",T,T,3,29.16,,5.9,19,300,16,320
18-Feb,34,4,19,-7.4,68,13,,46,0,732,1814,,0,0,2,29.44,,10.7,30,140,22,160
19-Feb,60,33,46,19.4,60,33,,19,0,730,1815,,T,T,1,28.82,,24.6,61,230,47,240
20-Feb,54,38,46,19.1,54,31,,19,0,729,1816,,0,0,0,28.84,,15.8,40,260,31,250
21-Feb,41,32,36,8.9,75,30,,29,0,727,1818,,0,0,0,29.1,,6.3,19,40,15,30
22-Feb,40,29,34,6.6,70,23,,31,0,726,1819,,0,0,0,29.23,,8,21,130,17,130
23-Feb,45,22,34,6.3,60,20,,31,0,724,1820,,0,0,0,29.2,,6.5,15,110,13,100
24-Feb,32,28,30,2.1,85,27,,35,0,723,1821,"SN,FG,FZFG,BR",0.65,7,0,28.73,,18.9,35,10,29,10
25-Feb,34,24,29,0.8,81,24,,36,0,721,1823,"SN,BR,UP",0.12,3.4,10,28.74,,16.5,33,310,25,310
26-Feb,32,18,25,-3.5,64,16,,40,0,719,1824,,0,T,8,29.19,,8.8,21,270,17,270
27-Feb,44,25,34,5.2,63,24,,31,0,718,1825,,0,0,8,28.98,,15.4,31,240,26,230
28-Feb,56,36,46,16.9,74,38,,19,0,716,1826,"RA,BR",0.13,0,6,28.66,,16.8,35,230,26,220
Feb-29,44,24,34,4.7,66,23,,31,0,715,1828,"SN,BR,UP",T,T,T,28.85,,16.2,46,270,36,260
1-Mar,24,19,22,-7.4,84,17,20,43,0,713,1829,"SN,FZFG,BR,FG,PL",0.59,7.2,2,28.94,29.9,13.1,35,330,24,330
2-Mar,27,11,19,-10.8,65,9,17,46,0,711,1830,"SN,BR",T,T,7,29.11,30.12,9.7,24,260,20,260
3-Mar,28,9,18,-12.1,78,14,19,47,0,710,1831,"SN,BR",0.04,0.7,7,29.18,30.16,3.7,12,40,10,30
4-Mar,34,5,20,-10.4,62,11,19,45,0,708,1833,"SN,FZFG,BR,FG",T,T,7,29.21,30.2,2.2,13,200,9,280
5-Mar,33,24,28,-2.8,84,24,27,37,0,706,1834,"SN,FZFG,BR,HZ,FG",0.09,1,8,29.16,30.15,5.4,13,140,10,140
6-Mar,41,14,28,-3.1,80,23,27,37,0,705,1835,"FZFG,BR,HZ,FG",0,0,8,29.25,30.19,8.2,25,190,21,190
7-Mar,58,41,50,18.5,65,37,43,15,0,703,1836,,0,0,7,29,29.95,10.9,27,210,22,210
8-Mar,70,49,60,28.2,61,46,52,5,0,701,1837,,0,0,T,29,29.94,12,32,210,25,210
9-Mar,68,56,62,29.8,72,52,56,3,0,659,1839,RA,T,0,0,28.97,29.9,11,33,220,26,220
10-Mar,57,41,49,16.4,81,44,47,16,0,658,1840,"RA,BR",T,0,0,29.08,30.04,6.5,19,310,15,310
11-Mar,55,31,43,10.1,68,32,38,22,0,656,1841,,0,0,0,29.36,30.34,4.1,18,170,14,170
12-Mar,59,29,44,10.7,71,36,41,21,0,654,1842,"FG,BR",0,0,0,29.24,30.17,2.5,13,180,10,190
13-Mar,49,44,46,12.3,85,41,44,19,0,653,1843,"RA,BR",1.01,0,0,28.99,29.9,9.2,23,110,17,110
14-Mar,52,45,48,13.9,89,46,48,17,0,651,1845,"RA,BR",0.04,0,0,28.74,29.7,7.3,17,250,14,270
15-Mar,57,41,49,14.5,81,43,45,16,0,649,1846,"RA,FG,BR",0.04,0,0,28.86,29.79,8.1,26,190,21,90
16-Mar,56,46,51,16.1,63,37,44,14,0,647,1847,"RA,BR",0.08,0,0,28.64,29.57,21.6,56,250,41,240
17-Mar,50,33,42,6.7,53,28,37,23,0,646,1848,RA,T,0,0,28.83,29.79,15.9,43,270,33,260
18-Mar,48,29,38,2.3,73,28,33,27,0,644,1849,,0,T,0,29.05,30.05,5.5,18,40,14,30
19-Mar,40,25,32,-4.1,61,20,28,33,0,642,1850,,0,0,0,29.24,30.22,9.2,23,30,16,40
20-Mar,43,22,32,-4.5,57,18,27,33,0,640,1852,,0,0,0,29.19,30.15,7.1,19,280,15,270
21-Mar,45,27,36,-0.9,51,18,30,29,0,639,1853,,0,0,0,29.15,30.11,7.8,23,290,17,270
22-Mar,60,33,46,8.6,54,30,39,19,0,637,1854,RA,T,0,0,28.92,29.83,7.7,26,220,21,230
23-Mar,47,33,40,2.2,88,33,35,25,0,635,1855,"RA,BR,UP",0.14,0,0,28.97,29.94,12.9,26,40,21,60
24-Mar,39,29,34,-4.2,93,33,34,31,0,633,1856,"RA,SN,BR,UP",0.64,T,0,28.71,29.64,10.2,23,350,18,330
25-Mar,44,26,35,-3.6,71,25,30,30,0,632,1857,,0,T,0,29.03,30.05,6.5,22,320,16,320
26-Mar,52,26,39,-0.1,68,29,35,26,0,630,1859,BR,0,0,0,29.26,30.23,7.5,17,150,14,150
27-Mar,70,34,52,12.5,62,37,44,13,0,628,1900,RA,0.06,0,0,29.04,29.94,10,28,200,21,290
28-Mar,46,34,40,0.1,81,36,39,25,0,626,1901,"RA,BR",0.29,0,0,28.94,29.94,12.3,32,290,23,310
29-Mar,51,29,40,-0.3,59,25,34,25,0,624,1902,,0,0,0,29.32,30.29,4.7,14,20,10,140
30-Mar,61,35,48,7.2,59,34,43,17,0,623,1903,RA,0.06,0,0,29.04,29.92,13.5,34,190,25,190
31-Mar,63,43,53,11.8,85,51,53,12,0,621,1904,"TS,RA,BR",1.17,0,0,28.51,29.42,17.3,43,190,32,190
1-Apr,49,34,42,0.4,67,31,37,23,0,619,1905,"RA,BR",0.01,0,0,28.71,29.67,12.6,27,250,22,290
2-Apr,38,25,32,-10,75,25,29,33,0,618,1907,"SN,FG,FZFG,BR,UP,HZ",0.16,1.7,T,28.68,29.65,10.4,36,340,24,340
3-Apr,52,20,36,-6.5,69,24,30,29,0,616,1908,"RA,SN",0.04,T,1,28.92,29.86,10.9,27,180,21,190
4-Apr,33,24,28,-14.9,75,22,27,37,0,614,1909,"SN,BR,HZ",T,T,0,29.07,30.11,11.6,28,340,22,30
5-Apr,42,19,30,-13.3,56,16,26,35,0,612,1910,HZ,0.01,T,0,29.44,30.4,6.8,29,130,22,130
6-Apr,47,32,40,-3.7,78,33,37,25,0,611,1911,"RA,BR,HZ",0.06,T,0,28.79,29.68,12.6,28,150,22,150
7-Apr,39,31,35,-9.2,84,30,33,30,0,609,1912,"RA,SN,FG,BR",0.18,0.2,0,28.59,29.57,10.7,29,320,22,310
8-Apr,40,26,33,-11.6,74,24,29,32,0,607,1913,"SN,FG,BR,HZ",0.25,4.7,0,28.82,29.78,7.9,27,40,22,40
9-Apr,32,23,28,-17,58,14,23,37,0,606,1915,"SN,FZFG,BR,UP,FG",0.02,0.2,4,29.13,30.15,9.4,29,20,21,20
10-Apr,41,27,34,-11.4,80,26,30,31,0,604,1916,"RA,FZRA,SN,BR,HZ",0.57,0.7,T,29.08,30,13.8,31,160,25,160
11-Apr,53,34,44,-1.8,70,35,41,21,0,602,1917,"RA,BR,HZ",0.03,0,0,28.88,29.86,13.1,37,300,29,290
12-Apr,47,30,38,-8.2,57,24,33,27,0,601,1918,,0,0,0,29.3,30.3,7.1,22,320,17,350
13-Apr,53,29,41,-5.6,55,27,36,24,0,559,1919,,0,0,0,29.41,30.38,6.9,18,150,15,140
14-Apr,60,31,46,-1,51,28,38,19,0,557,1920,,0,0,0,29.38,30.34,6.5,19,100,15,90
15-Apr,70,33,52,4.6,47,31,43,13,0,556,1921,,0,0,0,29.34,30.3,5.6,20,120,15,140
16-Apr,76,40,58,10.3,40,34,48,7,0,554,1923,,0,0,0,29.41,30.36,6.1,19,160,13,120
17-Apr,78,41,60,11.9,41,36,50,5,0,552,1924,,0,0,0,29.46,30.4,2.9,12,110,9,110
18-Apr,81,50,66,17.5,43,42,53,0,1,551,1925,,0,0,0,29.35,30.28,7.1,25,50,18,50
19-Apr,62,43,52,3.1,62,37,44,13,0,549,1926,RA,0.01,0,0,29.34,30.3,10,25,40,18,50
20-Apr,68,45,56,6.8,38,30,45,9,0,548,1927,,T,0,0,29.25,30.17,10,25,140,20,130
21-Apr,62,48,55,5.4,85,50,52,10,0,546,1928,"RA,BR",0.25,0,0,28.96,29.87,6.9,22,200,16,200
22-Apr,57,41,49,-0.9,86,48,50,16,0,545,1929,"RA,FG,BR",T,0,0,29.01,29.98,8.2,18,20,15,40
23-Apr,58,34,46,-4.3,56,31,40,19,0,543,1931,,0,0,0,29.23,30.18,5.7,20,40,13,40
24-Apr,68,40,54,3.4,46,33,45,11,0,542,1932,,0,0,0,29.12,30.04,8.1,20,130,15,140
25-Apr,79,46,62,11,55,43,51,3,0,540,1933,"TS,RA,BR",0.2,0,0,28.89,29.79,10.4,37,310,28,310
26-Apr,51,36,44,-7.3,88,40,41,21,0,539,1934,"TS,RA,FG,BR",0.02,0,0,28.9,29.86,9.5,24,40,18,60
27-Apr,60,33,46,-5.7,51,29,39,19,0,537,1935,,0,0,0,29.04,29.99,10.1,27,60,21,70
28-Apr,47,38,42,-10,70,31,38,23,0,536,1936,"RA,BR",0.31,0,0,29.05,30,9.2,20,80,15,70
29-Apr,51,40,46,-6.3,75,37,41,19,0,534,1937,RA,0.02,0,0,29.15,30.11,6.1,17,50,14,40
30-Apr,56,36,46,-6.6,73,38,43,19,0,533,1939,"RA,BR",0.43,0,0,29.17,30.1,8.1,24,120,16,50
1-May,51,43,47,-6,90,43,45,18,0,532,1940,"RA,BR",0.06,0,0,29.05,30,10.3,22,70,17,70
2-May,55,42,48,-5.3,80,41,45,17,0,530,1941,"RA,BR",0.37,0,0,29.08,30.03,6.1,21,30,16,20
3-May,66,36,51,-2.6,55,37,46,14,0,529,1942,"RA,BR",0.02,0,0,28.95,29.87,6.8,22,240,18,250
4-May,54,47,50,-3.9,83,45,48,15,0,528,1943,"TS,RA,BR",0.43,0,0,28.68,29.62,9.6,27,60,20,50
5-May,67,45,56,1.8,70,44,49,9,0,526,1944,,0,0,0,28.94,29.89,8.2,24,30,17,30
6-May,72,41,56,1.5,55,40,49,9,0,525,1945,,0,0,0,28.98,29.9,2.5,14,250,10,240
7-May,72,47,60,5.1,50,41,51,5,0,524,1946,,T,0,0,28.77,29.7,8.8,28,330,21,330
8-May,67,37,52,-3.2,42,31,44,13,0,523,1948,,0,0,0,28.97,29.92,8.2,40,270,24,270
9-May,67,37,52,-3.5,49,35,45,13,0,521,1949,,0,0,0,29.11,30.07,7.1,23,120,16,150
10-May,54,48,51,-4.8,75,42,47,14,0,520,1950,"RA,BR",0.54,0,0,29.15,30.09,10.7,29,110,24,110
11-May,68,49,58,1.9,77,52,55,7,0,519,1951,BR,0,0,0,29.15,30.08,5.5,17,90,13,100
12-May,73,56,64,7.6,85,58,60,1,0,518,1952,"TS,RA,FG,BR",0.62,0,0,29,29.91,9,25,280,20,290
13-May,64,50,57,0.3,69,46,51,8,0,517,1953,RA,0.05,0,0,28.95,29.88,12.4,32,260,24,270
14-May,50,39,44,-13,72,35,40,21,0,516,1954,"RA,BR",0.56,0,0,28.87,29.84,13.8,36,300,26,300
15-May,48,33,40,-17.4,61,28,35,25,0,515,1955,SN,T,T,0,29.08,30.06,10.9,32,290,24,300
16-May,68,38,53,-4.7,51,36,46,12,0,514,1956,RA,0.01,0,0,29.14,30.09,13.4,37,110,26,260
17-May,64,45,54,-4,60,40,48,11,0,513,1957,,T,0,0,29.25,30.19,7.3,17,30,13,40
18-May,66,38,52,-6.3,53,35,45,13,0,512,1958,,0,0,0,29.28,30.23,5.8,22,40,16,30
19-May,71,40,56,-2.7,51,38,48,9,0,511,1959,,0,0,0,29.26,30.2,2.2,15,10,10,320
20-May,70,43,56,-3,50,40,50,9,0,510,2000,,0,0,0,29.24,30.18,5.6,19,50,14,50
21-May,74,51,62,2.7,52,43,52,3,0,509,2001,,0,0,0,29.13,30.06,6.2,22,50,17,360
22-May,70,48,59,-0.6,53,43,52,6,0,509,2002,,0,0,0,29.1,30.04,6.7,24,40,18,30
23-May,78,42,60,0,44,39,50,5,0,508,2003,,0,0,0,29.1,30.03,2.4,14,190,10,200
24-May,84,49,66,5.7,43,46,57,0,1,507,2004,,0,0,0,29.07,29.99,6.9,27,220,18,230
25-May,85,64,74,13.3,54,57,64,0,9,506,2005,,0,0,0,29.07,29.99,8.8,22,210,15,170
26-May,84,63,74,13,71,63,67,0,9,506,2006,"TS,RA,BR",0.19,0,0,29,29.92,10.2,28,190,22,260
27-May,85,63,74,12.7,67,63,67,0,9,505,2007,,0,0,0,29.01,29.93,6.3,22,190,17,230
28-May,86,67,76,14.3,68,63,68,0,11,504,2007,"RA,TS",0.13,0,0,29.05,29.97,9.7,37,200,28,210
29-May,84,64,74,12,64,61,66,0,9,504,2008,RA,0.01,0,0,29.05,29.97,12.3,36,250,26,270
30-May,83,60,72,9.6,58,55,62,0,7,503,2009,,0,0,0,29.06,29.98,6.6,23,280,16,310
31-May,83,53,68,5.3,56,52,59,0,3,503,2010,,0,0,0,29.1,30.03,4.7,24,200,13,30
1-Jun,80,59,70,6.9,63,56,61,0,5,502,2011,,T,0,0,29.07,29.98,5.6,21,130,16,150
2-Jun,80,57,68,4.6,57,52,60,0,3,502,2011,,0,0,0,29.05,29.99,8.3,28,260,22,240
3-Jun,81,51,66,2.2,58,51,58,0,1,501,2012,,0,0,0,29.11,30.05,2.8,13,260,10,320
4-Jun,83,57,70,5.9,68,57,62,0,5,501,2013,"RA,BR",0.07,0,0,28.97,29.85,8.7,27,180,22,160
5-Jun,70,60,65,0.5,77,58,61,0,0,501,2013,"TS,RA,BR",0.16,0,0,28.69,29.6,11.9,34,260,26,260
6-Jun,80,55,68,3.2,61,51,57,0,3,500,2014,RA,0.01,0,0,28.7,29.63,12.7,38,270,31,270
7-Jun,63,48,56,-9.2,74,48,52,9,0,500,2015,,0,0,0,28.82,29.77,10.5,23,300,17,290
8-Jun,69,45,57,-8.5,56,40,49,8,0,500,2015,,0,0,0,29,29.96,8.7,27,290,18,300
9-Jun,71,44,58,-7.8,59,45,52,7,0,500,2016,,T,0,0,29.1,30.04,3.5,23,230,18,230
10-Jun,86,54,70,3.8,57,57,63,0,5,500,2016,,0,0,0,29.05,29.98,7.7,20,230,15,200
11-Jun,91,71,81,14.5,54,62,68,0,16,459,2017,,0,0,0,28.97,29.89,12.1,32,260,24,260
12-Jun,81,56,68,1.2,40,40,54,0,3,459,2017,,0,0,0,29.13,30.08,8.4,22,310,16,330
13-Jun,72,50,61,-6.1,60,48,54,4,0,459,2018,RA,0.03,0,0,29.13,30.05,4.8,15,140,12,40
14-Jun,76,60,68,0.6,55,50,57,0,3,459,2018,,0,0,0,29.05,29.97,9.3,23,140,20,130
15-Jun,87,62,74,6.3,64,58,64,0,9,459,2019,"TS,RA",0.03,0,0,28.9,29.79,6.4,20,150,17,140
16-Jun,71,62,66,-2,85,62,64,0,1,459,2019,"RA,BR",0.28,0,0,28.82,29.76,7.5,24,10,17,360
17-Jun,87,53,70,1.7,56,53,61,0,5,459,2019,,0,0,0,29.1,30.05,4.3,21,110,15,100
18-Jun,90,56,73,4.5,48,52,61,0,8,500,2020,,0,0,0,29.28,30.21,2.4,15,180,10,180
19-Jun,91,61,76,7.2,46,54,64,0,11,500,2020,,0,0,0,29.28,30.2,6.6,23,230,17,220
20-Jun,90,65,78,8.9,56,62,68,0,13,500,2020,"TS,RA",T,0,0,29.08,29.99,14.4,37,260,28,260
21-Jun,81,53,67,-2.3,49,48,57,0,2,500,2020,,0,0,0,29.01,29.92,8.1,32,280,23,290
22-Jun,84,54,69,-0.5,51,51,60,0,4,500,2020,,0,0,0,28.97,29.89,3.5,17,280,13,280
23-Jun,78,59,68,-1.8,58,52,59,0,3,501,2021,RA,T,0,0,28.96,29.9,7.5,25,60,20,50
24-Jun,85,53,69,-1,43,46,57,0,4,501,2021,,0,0,0,29.14,30.08,3.5,16,90,13,80
25-Jun,89,60,74,3.8,44,51,62,0,9,501,2021,,0,0,0,29.18,30.1,6.8,18,170,14,200
26-Jun,87,70,78,7.7,63,63,68,0,13,502,2021,RA,0.01,0,0,29.07,29.98,10.7,27,270,22,270
27-Jun,90,65,78,7.5,54,57,65,0,13,502,2021,,0,0,0,29.05,29.97,11.8,37,250,28,250
28-Jun,70,52,61,-9.7,66,50,55,4,0,503,2021,,0,0,0,29.14,30.08,5.8,16,320,13,290
29-Jun,80,46,63,-7.8,51,44,54,2,0,503,2021,,0,0,0,29.15,30.08,3.9,16,250,12,300
30-Jun,82,51,66,-5,47,46,56,0,1,504,2020,,T,0,0,29.08,30,4.2,21,260,16,220
1-Jul,74,52,63,-8.1,65,52,57,2,0,504,2020,"RA,FG,BR",0.3,0,0,29.03,29.98,8.3,26,320,20,310
2-Jul,79,49,64,-7.2,56,47,55,1,0,505,2020,,0,0,0,29.2,30.14,4,17,310,13,290
3-Jul,80,50,65,-6.3,51,48,57,0,0,505,2020,,0,0,0,29.16,30.09,4.2,17,150,14,170
4-Jul,83,51,67,-4.4,59,55,61,0,2,506,2020,,0,0,0,29.01,29.91,6.3,25,150,16,160
5-Jul,86,65,76,4.5,64,62,67,0,11,507,2019,"BR,HZ",0,0,0,28.95,29.87,7.8,24,290,20,260
6-Jul,88,67,78,6.5,63,62,67,0,13,507,2019,,0,0,0,28.91,29.82,8.3,24,250,18,270
7-Jul,89,64,76,4.4,71,63,67,0,11,508,2019,"TS,RA,BR",0.42,0,0,28.92,29.82,4.6,32,270,26,300
8-Jul,90,66,78,6.4,69,64,68,0,13,509,2018,"TS,RA,FG,BR,HZ",0.73,0,0,28.87,29.78,8.6,63,270,48,280
9-Jul,80,62,71,-0.7,65,57,62,0,6,509,2018,,0,0,0,28.97,29.92,8.5,23,300,18,300
10-Jul,83,56,70,-1.7,61,56,62,0,5,510,2017,,0,0,0,29.11,30.04,2.3,16,270,12,300
11-Jul,86,63,74,2.3,62,62,67,0,9,511,2017,RA,T,0,0,29.1,30,6.1,19,150,15,200
12-Jul,92,68,80,8.3,66,65,69,0,15,512,2016,"TS,RA,BR",0.27,0,0,28.97,29.88,12.3,48,300,36,300
13-Jul,87,69,78,6.3,76,68,71,0,13,512,2015,"TS,RA,BR",0.15,0,0,28.97,29.86,9.1,29,210,22,240
14-Jul,85,69,77,5.3,59,60,66,0,12,513,2015,,0,0,0,28.88,29.8,14.1,35,260,28,240
15-Jul,77,62,70,-1.7,72,59,62,0,5,514,2014,RA,T,0,0,29,29.95,8.6,21,290,16,290
16-Jul,77,56,66,-5.7,63,52,58,0,1,515,2013,,0,0,0,29.18,30.11,4.4,14,270,10,290
17-Jul,87,53,70,-1.7,63,58,63,0,5,516,2013,,0,0,0,29.12,30.04,12.4,36,180,30,190
18-Jul,86,66,76,4.3,58,60,67,0,11,517,2012,,T,0,0,29.15,30.09,9.7,34,220,24,230
19-Jul,84,62,73,1.4,58,57,64,0,8,518,2011,,T,0,0,29.28,30.21,5.6,19,10,14,10
20-Jul,91,62,76,4.4,54,59,66,0,11,519,2010,,0,0,0,29.26,30.19,5.4,17,170,12,180
21-Jul,89,68,78,6.4,74,67,71,0,13,519,2009,"TS,RA,BR",0.41,0,0,29.15,30.03,10,40,320,30,300
22-Jul,91,73,82,10.5,65,68,73,0,17,520,2009,,0,0,0,29.03,29.96,9.6,23,270,18,240
23-Jul,94,66,80,8.5,61,64,70,0,15,521,2008,BR,0,0,0,29.05,29.97,3.5,15,140,12,140
24-Jul,87,70,78,6.5,79,70,73,0,13,522,2007,"TS,RA,BR",0.88,0,0,29,29.91,9.4,32,220,25,220
25-Jul,87,67,77,5.6,62,65,70,0,12,523,2006,,0,0,0,29,29.93,8.9,22,270,17,270
26-Jul,87,61,74,2.6,64,62,67,0,9,524,2005,,0,0,0,29.1,30.02,3.4,23,310,12,280
27-Jul,89,64,76,4.7,66,62,67,0,11,525,2004,,0,0,0,29.07,29.98,4.9,32,360,24,360
28-Jul,86,63,74,2.7,73,63,67,0,9,526,2003,"TS,RA",0.04,0,0,29.01,29.92,5.5,29,350,21,350
29-Jul,79,64,72,0.8,69,60,64,0,7,527,2001,RA,T,0,0,29.05,29.97,8.1,27,350,20,30
30-Jul,71,63,67,-4.2,84,62,64,0,2,528,2000,"TS,RA,BR",0.15,0,0,29.06,30,7.4,18,40,14,50
31-Jul,79,64,72,0.9,79,63,65,0,7,529,1959,BR,0,0,0,29.1,30.03,4.9,15,320,12,20
1-Aug,84,59,72,0.9,66,59,64,0,7,530,1958,BR,0,0,0,29.15,30.09,2.7,15,10,9,30
2-Aug,87,62,74,3,72,64,68,0,9,532,1957,BR,0,0,0,29.16,30.09,2.9,12,50,10,70
3-Aug,92,64,78,7,60,63,68,0,13,533,1956,,0,0,0,29.14,30.05,2.7,14,170,12,170
4-Aug,93,67,80,9.1,50,59,67,0,15,534,1954,,0,0,0,29.07,29.97,5.7,20,230,14,180
5-Aug,90,66,78,7.1,62,64,69,0,13,535,1953,,0,0,0,28.93,29.84,10.1,25,300,18,310
6-Aug,85,60,72,1.2,61,57,63,0,7,536,1952,,0,0,0,29,29.93,5.3,19,270,13,290
7-Aug,83,59,71,0.3,59,55,61,0,6,537,1950,,0,0,0,29.11,30.05,5,17,310,14,10
8-Aug,85,54,70,-0.7,57,53,60,0,5,538,1949,,0,0,0,29.15,30.08,4.5,23,70,13,50
9-Aug,90,57,74,3.4,59,59,65,0,9,539,1948,,0,0,0,29.1,30.02,3.7,21,250,15,220
10-Aug,93,63,78,7.5,58,62,68,0,13,540,1946,,0,0,0,29.15,30.06,2.7,17,280,14,280
11-Aug,94,69,82,11.5,66,69,73,0,17,541,1945,RA,T,0,0,29.06,29.95,8.5,24,250,21,250
12-Aug,91,74,82,11.6,82,72,74,0,17,542,1943,"TS,RA,BR",1.08,0,0,28.92,29.84,6.1,30,280,21,280
13-Aug,86,70,78,7.7,80,70,73,0,13,543,1942,"TS,RA,BR",0.88,0,0,28.87,29.79,10.4,27,250,22,260
14-Aug,83,66,74,3.8,75,65,68,0,9,544,1941,"FG,BR",0,0,0,29.08,30.02,3.6,14,250,10,260
15-Aug,82,63,72,1.9,78,65,68,0,7,545,1939,"RA,BR",1.34,0,0,29.18,30.11,3.8,18,140,15,150
16-Aug,83,69,76,6,77,66,69,0,11,547,1938,"RA,BR",1.76,0,0,29.05,29.97,9.2,23,190,18,210
17-Aug,84,66,75,5.1,78,65,68,0,10,548,1936,"TS,RA,BR",0.2,0,0,29.13,30.05,7.1,31,330,25,320
18-Aug,84,62,73,3.2,71,64,67,0,8,549,1934,BR,0,0,0,29.13,30.04,4.6,15,220,12,200
19-Aug,82,68,75,5.3,75,66,69,0,10,550,1933,BR,0,0,0,29,29.9,8,21,250,17,240
20-Aug,82,67,74,4.4,80,67,69,0,9,551,1931,"RA,BR",0.58,0,0,28.8,29.7,10.1,28,200,22,270
21-Aug,73,59,66,-3.4,75,57,61,0,1,552,1930,,0.09,0,0,28.87,29.84,10.2,31,310,23,290
22-Aug,78,53,66,-3.3,65,53,58,0,1,553,1928,,0,0,0,29.21,30.16,4.4,18,250,13,240
23-Aug,80,57,68,-1.1,64,56,62,0,3,554,1927,,0,0,0,29.29,30.22,7,21,200,17,220
24-Aug,82,63,72,3.1,77,65,68,0,7,555,1925,BR,T,0,0,29.11,30.02,10,26,180,21,190
25-Aug,83,63,73,4.2,78,67,69,0,8,556,1923,"TS,RA,BR",0.1,0,0,29.05,29.98,9.1,21,250,16,270
26-Aug,82,61,72,3.4,70,60,64,0,7,557,1922,,0,0,0,29.18,30.13,4.1,20,270,14,260
27-Aug,78,62,70,1.6,85,65,66,0,5,558,1920,"TS,RA,BR",0.38,0,0,29.18,30.11,6.4,28,310,22,320
28-Aug,84,67,76,7.9,77,67,70,0,11,559,1918,BR,0,0,0,29.23,30.17,4.9,21,280,13,290
29-Aug,85,61,73,5.1,74,64,67,0,8,601,1917,"BR,HZ",0,0,0,29.31,30.24,2.6,14,100,10,110
30-Aug,83,69,76,8.3,77,66,68,0,11,602,1915,"TS,RA,BR",0.05,0,0,29.2,30.11,5.5,18,260,15,270
31-Aug,77,61,69,1.6,72,61,65,0,4,603,1913,"TS,RA,BR,HZ",0.17,0,0,29.1,30.02,6.9,19,20,14,50
1-Sep,73,56,64,-3.2,71,54,58,1,0,604,1911,,0,0,0,29.2,30.15,8,23,10,17,10
2-Sep,74,51,62,-4.9,70,52,57,3,0,605,1910,,0,0,0,29.32,30.26,6.3,19,40,15,60
3-Sep,77,49,63,-3.6,72,53,57,2,0,606,1908,,0,0,0,29.3,30.24,2.5,13,100,9,140
4-Sep,79,50,64,-2.3,68,55,59,1,0,607,1906,"FG,BR",0,0,0,29.29,30.23,4.2,16,130,13,210
5-Sep,85,60,72,6,65,61,66,0,7,608,1905,,0,0,0,29.23,30.15,7.7,23,180,18,190
6-Sep,90,73,82,16.3,70,70,73,0,17,609,1903,,0,0,0,29.15,30.05,10.6,23,240,20,210
7-Sep,86,70,78,12.7,82,71,73,0,13,610,1901,"TS,RA,BR",0.23,0,0,29.07,29.97,5.4,21,300,16,310
8-Sep,80,67,74,9,85,69,71,0,9,611,1859,"RA,BR",0.27,0,0,28.92,29.85,9.7,28,280,23,260
9-Sep,80,65,72,7.4,83,67,68,0,7,612,1857,"RA,FG,BR",0.04,0,0,29.03,29.95,3.4,13,190,10,140
10-Sep,73,58,66,1.7,82,61,64,0,1,613,1856,"RA,BR,HZ",0.22,0,0,28.9,29.83,10.7,39,270,32,260
11-Sep,72,53,62,-1.9,66,50,55,3,0,615,1854,,0,0,0,29.21,30.17,4.3,12,310,9,260
12-Sep,76,54,65,1.5,64,52,58,0,0,616,1852,,0,0,0,29.21,30.14,7.9,23,170,16,190
13-Sep,82,57,70,6.9,72,59,63,0,5,617,1850,TS,0,0,0,29.13,30.06,7.4,27,100,16,230
14-Sep,73,56,64,1.3,70,53,58,1,0,618,1849,RA,0.03,0,0,29.28,30.23,6,17,360,14,360
15-Sep,73,49,61,-1.3,67,49,54,4,0,619,1847,,0,0,0,29.33,30.26,3.8,23,60,14,70
16-Sep,79,53,66,4.1,67,56,61,0,1,620,1845,,0,0,0,29.15,30.06,9.4,21,180,16,150
17-Sep,78,64,71,9.5,83,64,66,0,6,621,1843,"RA,BR",0.64,0,0,28.98,29.9,8.6,20,220,16,250
18-Sep,78,57,68,6.9,77,59,62,0,3,622,1841,BR,0,0,0,29.03,29.97,4.2,18,290,14,280
19-Sep,83,53,68,7.3,64,55,61,0,3,623,1840,BR,0,0,0,29.1,30.03,6.2,21,200,17,200
20-Sep,82,57,70,9.7,60,54,61,0,5,624,1838,RA,T,0,0,29.21,30.15,3.2,18,310,14,310
21-Sep,81,54,68,8.2,80,60,63,0,3,625,1836,"TS,RA,FG,BR",0.05,0,0,29.23,30.17,4.1,36,290,28,290
22-Sep,83,61,72,12.6,74,62,66,0,7,626,1834,"FG,BR",0,0,0,29.15,30.07,3.6,15,220,13,220
23-Sep,71,58,64,5,82,59,61,1,0,628,1832,"FG,BR,HZ",0,0,0,29.16,30.11,7.5,22,10,18,10
24-Sep,69,51,60,1.4,71,49,54,5,0,629,1831,,0,0,0,29.29,30.24,6.7,18,60,14,60
25-Sep,75,49,62,3.9,62,49,55,3,0,630,1829,,0,0,0,29.21,30.11,8.7,24,150,18,150
26-Sep,68,51,60,2.3,65,49,55,5,0,631,1827,"RA,BR",0.18,0,0,28.95,29.88,12,35,250,29,250
27-Sep,66,50,58,0.7,59,42,50,7,0,632,1825,RA,T,0,0,28.84,29.77,12.4,36,250,28,260
28-Sep,66,48,57,0.1,77,49,52,8,0,633,1824,RA,0.02,0,0,28.97,29.93,8.3,23,50,18,60
29-Sep,61,55,58,1.5,90,56,57,7,0,634,1822,"RA,BR",1.22,0,0,29.21,30.17,12.4,27,50,20,50
30-Sep,61,58,60,3.9,90,56,57,5,0,635,1820,"TS,RA,BR",0.45,0,0,29.23,30.16,10.3,22,40,17,20
1-Oct,68,50,59,3.3,85,54,56,6,0,636,1818,"TS,RA,BR",0.24,0,0,29.11,30.04,7,24,190,18,190
2-Oct,69,50,60,4.8,82,52,55,5,0,637,1817,"FG,BR,HZ",0,0,0,29.08,30.03,3.4,12,260,8,320
3-Oct,67,51,59,4.1,85,54,56,6,0,639,1815,"FG,BR",T,0,0,29.16,30.11,3.7,13,140,9,160
4-Oct,74,49,62,7.5,75,53,57,3,0,640,1813,"BR,HZ",0,0,0,29.21,30.15,8.2,22,150,17,120
5-Oct,80,60,70,15.9,77,59,62,0,5,641,1811,"TS,RA,FG,BR",0.62,0,0,29.13,30.05,9.9,43,260,33,260
6-Oct,79,56,68,14.3,82,62,64,0,3,642,1810,"RA,FG,BR",0.01,0,0,29.2,30.13,4.8,18,180,15,180
7-Oct,82,50,66,12.7,69,55,60,0,1,643,1808,RA,T,0,0,29.12,30.06,12.4,32,280,25,270
8-Oct,58,41,50,-2.9,66,37,43,15,0,644,1806,RA,0,0,0,29.25,30.22,9.2,29,270,24,270
9-Oct,61,37,49,-3.6,69,37,43,16,0,645,1805,,0,0,0,29.41,30.38,2.5,16,350,12,20
10-Oct,64,37,50,-2.2,68,41,46,15,0,647,1803,,0,0,0,29.44,30.39,6.2,16,150,13,150
11-Oct,71,51,61,9.1,62,47,53,4,0,648,1801,,0,0,0,29.3,30.22,9.4,21,170,15,170
12-Oct,73,50,62,10.5,74,52,55,3,0,649,1800,"TS,RA,BR",0.44,0,0,29.05,29.99,11.2,44,240,30,240
13-Oct,57,38,48,-3.2,71,38,44,17,0,650,1758,,0,0,0,29.28,30.25,6.3,22,320,16,320
14-Oct,62,34,48,-2.8,69,38,44,17,0,651,1756,,0,0,0,29.36,30.3,5.5,18,160,14,150
15-Oct,70,46,58,7.5,75,51,55,7,0,653,1755,BR,0,0,0,29.13,30.06,12,26,210,21,210
16-Oct,68,62,65,14.8,88,61,62,0,0,654,1753,"TS,RA,BR",1.01,0,0,29.02,29.93,8.1,30,210,24,210
17-Oct,77,63,70,20.2,76,62,65,0,5,655,1751,"RA,BR",T,0,0,28.82,29.7,12.4,34,210,25,190
18-Oct,77,51,64,14.5,70,58,62,1,0,656,1750,,0,0,0,28.72,29.67,14.6,36,210,28,260
19-Oct,72,47,60,10.8,71,48,53,5,0,657,1748,BR,0.01,0,0,29.13,30.08,3.3,21,230,13,290
20-Oct,56,49,52,3.1,80,48,51,13,0,659,1747,RA,T,0,0,29.14,30.08,7.1,21,360,16,360
21-Oct,51,41,46,-2.6,65,35,41,19,0,700,1745,,T,0,0,29.13,30.08,8.8,23,20,16,10
22-Oct,55,35,45,-3.2,67,35,41,20,0,701,1744,,0,0,0,29.08,30.04,8.6,25,290,20,290
23-Oct,68,40,54,6.1,67,43,48,11,0,702,1742,BR,0,0,0,28.98,29.93,7,24,360,17,20
24-Oct,55,36,46,-1.6,65,36,42,19,0,703,1741,,0,0,0,29.29,30.28,8.6,23,320,17,300
25-Oct,54,31,42,-5.3,70,32,37,23,0,705,1739,,0,0,0,29.48,30.45,2.7,17,310,13,290
26-Oct,40,34,37,-10,86,34,36,28,0,706,1738,"RA,BR",0.62,T,0,29.4,30.33,10.4,29,110,24,100
27-Oct,45,34,40,-6.7,87,38,40,25,0,707,1737,"RA,BR",0.15,0,0,29.16,30.14,6.4,19,350,14,330
28-Oct,58,31,44,-2.3,75,40,44,21,0,708,1735,BR,0,0,0,29.24,30.17,9.5,28,210,22,200
29-Oct,70,54,62,16,76,55,58,3,0,710,1734,BR,0,0,0,28.97,29.91,12.7,33,220,23,220
30-Oct,54,37,46,0.3,79,40,44,19,0,711,1732,RA,0.1,0,0,29.17,30.14,6.3,18,350,14,360
31-Oct,54,30,42,-3.4,73,35,40,23,0,712,1731,BR,0,0,0,29.23,30.17,7.7,23,150,17,150
1-Nov,77,48,62,17,66,52,,3,0,713,1730,,T,0,0,29,,10.4,26,160,21,250
2-Nov,64,53,58,13.3,83,56,,7,0,715,1729,"TS,RA,FG,BR",1.35,0,0,29.18,,4.6,18,320,16,320
3-Nov,58,45,52,7.6,80,47,,13,0,716,1727,"RA,BR",0.2,0,0,29.21,,6.4,21,350,16,350
4-Nov,57,35,46,2,72,38,,19,0,717,1726,BR,0,0,0,29.42,,5.7,15,280,13,280
5-Nov,67,40,54,10.3,69,43,,11,0,719,1725,BR,0,0,0,29.35,,7.7,19,260,16,280
6-Nov,68,34,51,7.7,67,39,,14,0,720,1724,"FG,BR,HZ",0,0,0,29.41,,2.9,12,180,9,170
7-Nov,67,39,53,10.1,68,41,,12,0,721,1723,"FG,BR",0,0,0,29.39,,3.5,17,180,14,180
8-Nov,59,44,52,9.4,73,43,,13,0,722,1721,RA,T,0,0,29.19,,10.2,27,340,20,250
9-Nov,56,40,48,5.8,59,34,,17,0,724,1720,,0,0,0,29.26,,8.8,25,20,18,360
10-Nov,64,40,52,10.2,53,35,,13,0,725,1719,,0,0,0,29.06,,14.8,37,240,29,250
11-Nov,54,31,42,0.6,54,29,,23,0,726,1718,,0,0,0,29.21,,9.2,28,10,21,30
12-Nov,49,25,37,-4.1,63,26,,28,0,727,1717,,0,0,0,29.43,,7.1,21,260,17,260
13-Nov,57,35,46,5.3,55,28,,19,0,729,1716,,0,0,0,29.18,,13.2,27,220,21,230
14-Nov,58,39,48,7.7,59,33,,17,0,730,1715,,0,0,0,29,,8.3,20,220,15,210
15-Nov,60,36,48,8.1,72,40,,17,0,731,1715,"BR,HZ",0,0,0,28.94,,5.1,23,290,17,280
16-Nov,57,35,46,6.5,75,40,,19,0,732,1714,"FG,BR,HZ",0,0,0,28.97,,3.9,15,260,13,250
17-Nov,65,35,50,10.9,70,42,,15,0,734,1713,"BR,HZ",0,0,0,29,,11.1,27,180,22,160
18-Nov,72,48,60,21.3,66,49,,5,0,735,1712,"TS,RA,BR",0.3,0,0,28.9,,13.9,44,210,33,220
19-Nov,48,31,40,1.8,71,27,,25,0,736,1711,"SN,UP,HZ",T,T,0,28.95,,19.2,39,310,29,310
20-Nov,32,28,30,-7.8,59,18,,35,0,737,1711,,0,T,0,29.21,,14.7,32,320,24,300
21-Nov,38,24,31,-6.4,59,17,,34,0,739,1710,,0,0,0,29.26,,9.8,26,320,20,320
22-Nov,40,20,30,-7,66,19,,35,0,740,1709,,0,0,0,29.36,,3.3,12,20,9,20
23-Nov,38,25,32,-4.6,78,30,,33,0,741,1709,"RA,FZRA,BR,UP",0.5,T,0,29.22,,9.8,23,120,17,110
24-Nov,44,38,41,4.8,88,38,,24,0,742,1708,"RA,BR",0.05,0,0,29.11,,8.6,21,260,16,270
25-Nov,41,37,39,3.3,83,35,,26,0,743,1708,"RA,BR",0.04,0,0,29.27,,9.3,16,240,13,250
26-Nov,40,32,36,0.7,77,31,,29,0,744,1707,,0,0,0,29.29,,8.4,22,260,17,260
27-Nov,46,30,38,3.1,81,32,,27,0,746,1707,"BR,HZ",0,0,0,29.15,,6.9,17,200,13,200
28-Nov,50,37,44,9.5,78,38,,21,0,747,1706,"RA,BR",0.49,0,0,28.78,,16.1,40,160,30,160
29-Nov,58,47,52,17.9,67,42,,13,0,748,1706,"TS,RA,HZ",0.23,0,0,28.58,,13.5,49,160,36,160
30-Nov,52,37,44,10.3,76,38,,21,0,749,1705,BR,T,0,0,28.66,,9.8,30,250,24,250
1-Dec,42,35,38,4.7,82,33,36,27,0,750,1705,"RA,BR",0.01,T,0,28.77,29.76,12.8,27,210,20,250
2-Dec,39,35,37,4.1,72,28,33,28,0,751,1705,RA,T,0,0,29.1,30.11,11.2,26,290,21,310
3-Dec,37,35,36,3.5,73,28,32,29,0,752,1705,,T,T,0,29.33,30.31,6.2,15,260,13,270
4-Dec,37,32,34,1.9,77,27,32,31,0,753,1705,"SN,FG,BR",0.36,2.5,0,29.17,30.1,5.9,18,140,15,140
5-Dec,39,27,33,1.3,83,29,32,32,0,754,1704,"SN,BR",T,T,2,29.03,30.01,8.6,22,260,16,220
6-Dec,42,23,32,0.7,80,29,32,33,0,755,1704,BR,0,0,T,28.9,29.85,9.2,29,260,23,250
7-Dec,38,30,34,3.1,62,21,29,31,0,756,1704,,0,0,0,29.01,29.99,17.1,35,260,25,270
8-Dec,30,25,28,-2.6,75,19,24,37,0,757,1704,"SN,BR",0.04,1,0,29.19,30.14,16.7,34,250,26,260
9-Dec,30,23,26,-4.2,75,19,24,39,0,758,1704,"SN,BR",0.01,0.2,1,29.41,30.4,10.2,22,270,17,290
10-Dec,26,20,23,-6.9,78,17,21,42,0,759,1704,"SN,BR",0.04,1.1,1,29.46,30.44,8.6,21,260,17,260
11-Dec,30,22,26,-3.5,86,22,24,39,0,759,1704,"SN,FZFG,BR,FG",0.55,7.4,4,29.11,30.08,10.3,23,150,17,160
12-Dec,34,22,28,-1.2,76,23,27,37,0,800,1705,"SN,BR",0.04,T,10,28.91,29.94,13.8,33,260,26,260
13-Dec,27,9,18,-10.9,75,12,17,47,0,801,1705,"SN,BR,HZ",0.02,0.2,9,29.11,30.1,10.8,27,260,22,270
14-Dec,21,9,15,-13.5,72,8,13,50,0,802,1705,"SN,BR,UP,HZ",0.05,1.4,8,29.05,30.06,16.7,39,290,30,280
15-Dec,17,3,10,-18.2,68,0,7,55,0,803,1705,"SN,UP",T,T,7,29.24,30.29,11.3,32,270,28,260
16-Dec,18,7,12,-15.9,69,4,11,53,0,803,1706,SN,0.2,1.6,5,29.26,30.2,9.4,20,140,17,140
17-Dec,26,16,21,-6.7,81,16,20,44,0,804,1706,"FZRA,SN,FZFG,BR,UP,HZ,FG",0.06,0.6,7,28.77,29.74,4.1,26,90,14,140
18-Dec,21,8,14,-13.4,71,8,14,51,0,804,1706,"SN,BR",T,T,6,29.21,30.29,8.1,21,340,16,340
19-Dec,14,8,11,-16.1,57,-1,9,54,0,805,1707,SN,T,T,5,29.65,30.65,11.5,24,200,20,210
20-Dec,31,9,20,-6.8,49,5,17,45,0,806,1707,,0,0,5,29.25,30.21,17.3,42,210,33,240
21-Dec,33,20,26,-0.6,75,20,25,39,0,806,1708,"BR,HZ",0,0,5,29.11,30.07,9.7,35,110,18,150
22-Dec,39,29,34,7.6,71,26,31,31,0,807,1708,,0,0,5,29.15,30.17,11,22,260,18,260
23-Dec,36,27,32,5.9,75,25,29,33,0,807,1709,"RA,FZRA,BR,UP,HZ",0.08,T,4,29.28,30.23,9.6,24,150,15,220
24-Dec,38,34,36,10.1,83,31,33,29,0,807,1710,"RA,SN,BR,UP",0.07,T,4,29.18,30.19,7.3,17,190,15,190
25-Dec,36,33,34,8.3,80,29,32,31,0,808,1710,"RA,BR",0.05,0,3,29.48,30.45,12,29,140,22,110
26-Dec,55,34,44,18.5,79,38,42,21,0,808,1711,"RA,BR,UP",0.18,0,T,29.03,29.95,19.8,48,250,35,250
27-Dec,34,27,30,4.7,71,20,26,35,0,808,1712,,0,T,0,29.05,30.04,16.5,44,270,33,270
28-Dec,39,26,32,6.9,66,22,29,33,0,809,1712,,0,0,0,29.07,30,10.3,29,150,24,160
29-Dec,38,29,34,9.1,71,25,31,31,0,809,1713,SN,T,0.1,0,28.75,29.72,16.7,37,260,29,270
30-Dec,30,26,28,3.2,64,17,25,37,0,809,1714,SN,T,T,0,28.95,29.92,14,30,290,23,260
31-Dec,43,28,36,11.4,56,21,30,29,0,809,1715,,0,0,0,28.7,29.66,16.4,35,240,26,250
